num_layers,shift_severity,shift_type,delta_r,g_q,g_q_tilde,d_q_q_tilde,mmd_dist,bound,tightness_ratio
2,8.0,translation,0.9108,0.006249999999999978,0.003383333333333405,0.9055333333333334,0.5279551148414612,1.443121781508128,1.584455183913184
