delta_r,g_q,g_q_tilde,D_Q,mmd_dist,mmd_bound,bound_holds
0.00040000000000006697,0.019966666666666577,0.03193333333333337,0.022666666666666724,0.1862953113504197,0.2866818669918025,True
